Price,Adj Close,Close,High,Low,Open,Volume
Ticker,OTIS,OTIS,OTIS,OTIS,OTIS,OTIS
Date,,,,,,
2020-03-19 00:00:00+00:00,42.299495697021484,45.25,46.0,40.0,40.0,7000
2020-03-20 00:00:00+00:00,42.065792083740234,45.0,46.0099983215332,45.0,45.0099983215332,3600
2020-03-23 00:00:00+00:00,37.391822814941406,40.0,42.0,39.97999954223633,42.0,11900
2020-03-24 00:00:00+00:00,37.391822814941406,40.0,40.0,39.0,40.0,77800
2020-03-25 00:00:00+00:00,38.33595657348633,41.0099983215332,44.79999923706055,38.0,40.0,7000
2020-03-26 00:00:00+00:00,42.065792083740234,45.0,47.5,44.25,45.0,29100
2020-03-27 00:00:00+00:00,42.28547668457031,45.23500061035156,47.5,44.9900016784668,45.0,263200
2020-03-30 00:00:00+00:00,46.73977279663086,50.0,50.0,44.25,44.25,118100
2020-03-31 00:00:00+00:00,46.73977279663086,50.0,50.0,44.779998779296875,46.5,210300
2020-04-01 00:00:00+00:00,43.65495300292969,46.70000076293945,48.5,44.0,45.9900016784668,1206100
2020-04-02 00:00:00+00:00,41.131004333496094,44.0,48.65999984741211,43.20000076293945,45.02399826049805,9264200
2020-04-03 00:00:00+00:00,44.234519958496094,47.31999969482422,49.29999923706055,41.79999923706055,43.75,22551600
2020-04-06 00:00:00+00:00,42.944496154785156,45.939998626708984,47.849998474121094,44.70000076293945,47.0,10294200
2020-04-07 00:00:00+00:00,41.39274215698242,44.279998779296875,46.9900016784668,42.93000030517578,45.150001525878906,12146500
2020-04-08 00:00:00+00:00,41.215126037597656,44.09000015258789,45.20000076293945,41.2599983215332,42.209999084472656,22265800
2020-04-09 00:00:00+00:00,45.935855865478516,49.13999938964844,50.25,44.0,44.04999923706055,17355600
2020-04-13 00:00:00+00:00,43.000587463378906,46.0,48.66999816894531,45.720001220703125,48.54999923706055,8545100
2020-04-14 00:00:00+00:00,42.89777374267578,45.88999938964844,46.29999923706055,43.970001220703125,45.90999984741211,10152100
2020-04-15 00:00:00+00:00,41.64513397216797,44.54999923706055,44.849998474121094,42.79999923706055,44.189998626708984,7935500
2020-04-16 00:00:00+00:00,42.64537048339844,45.619998931884766,46.40700149536133,43.54999923706055,44.08000183105469,8740200
2020-04-17 00:00:00+00:00,43.14081573486328,46.150001525878906,48.560001373291016,45.91999816894531,47.0,7878100
2020-04-20 00:00:00+00:00,42.430362701416016,45.38999938964844,46.97999954223633,44.900001525878906,45.0,5407500
2020-04-21 00:00:00+00:00,42.907108306884766,45.900001525878906,47.20000076293945,44.5,44.5,6939700
2020-04-22 00:00:00+00:00,43.98212432861328,47.04999923706055,49.54999923706055,46.0,47.310001373291016,6801900
2020-04-23 00:00:00+00:00,44.3747444152832,47.470001220703125,48.040000915527344,46.47999954223633,47.439998626708984,5174800
2020-04-24 00:00:00+00:00,44.729957580566406,47.849998474121094,48.5,46.310001373291016,48.02000045776367,6446900
2020-04-27 00:00:00+00:00,45.07583999633789,48.220001220703125,48.599998474121094,47.61000061035156,48.08000183105469,5541100
2020-04-28 00:00:00+00:00,46.60890579223633,49.86000061035156,50.95000076293945,48.650001525878906,49.06999969482422,5368200
2020-04-29 00:00:00+00:00,47.81478500366211,51.150001525878906,51.72999954223633,49.709999084472656,50.77000045776367,4343900
2020-04-30 00:00:00+00:00,47.59043884277344,50.90999984741211,51.599998474121094,50.5,50.970001220703125,6123800
2020-05-01 00:00:00+00:00,46.46868896484375,49.709999084472656,50.529998779296875,48.310001373291016,50.33000183105469,3089700
2020-05-04 00:00:00+00:00,46.300418853759766,49.529998779296875,49.66999816894531,47.5099983215332,48.849998474121094,5676600
2020-05-05 00:00:00+00:00,44.954307556152344,48.09000015258789,50.63999938964844,47.959999084472656,49.529998779296875,4103600
2020-05-06 00:00:00+00:00,45.159969329833984,48.310001373291016,49.0,47.88999938964844,48.61000061035156,2931800
2020-05-07 00:00:00+00:00,48.4317512512207,51.810001373291016,53.290000915527344,48.9900016784668,49.02000045776367,4803200
2020-05-08 00:00:00+00:00,49.49742126464844,52.95000076293945,54.16999816894531,52.11000061035156,52.119998931884766,4289400
2020-05-11 00:00:00+00:00,48.4317512512207,51.810001373291016,52.400001525878906,51.060001373291016,52.0,3150600
2020-05-12 00:00:00+00:00,46.478031158447266,49.720001220703125,52.290000915527344,49.689998626708984,52.189998626708984,3059800
2020-05-13 00:00:00+00:00,45.06648635864258,48.209999084472656,50.29999923706055,47.8849983215332,49.0,4567000
2020-05-14 00:00:00+00:00,44.870182037353516,48.0,48.400001525878906,47.22999954223633,47.61000061035156,4849900
2020-05-15 00:00:00+00:00,45.7021484375,48.88999938964844,49.220001220703125,47.20000076293945,47.31999969482422,2981400
2020-05-18 00:00:00+00:00,48.73088455200195,52.130001068115234,52.34000015258789,50.119998931884766,50.119998931884766,4452600
2020-05-19 00:00:00+00:00,48.89915466308594,52.310001373291016,52.928001403808594,51.05500030517578,51.68000030517578,2050300
2020-05-20 00:00:00+00:00,49.712425231933594,53.18000030517578,54.70000076293945,52.474998474121094,52.54999923706055,4755100
2020-05-21 00:00:00+00:00,48.82101821899414,52.029998779296875,53.54999923706055,51.869998931884766,52.36000061035156,3813100
2020-05-22 00:00:00+00:00,48.52075958251953,51.709999084472656,52.720001220703125,50.91999816894531,52.459999084472656,2134300
2020-05-26 00:00:00+00:00,47.751312255859375,50.88999938964844,53.9900016784668,50.70000076293945,53.029998779296875,6247000
2020-05-27 00:00:00+00:00,49.14942932128906,52.380001068115234,52.650001525878906,50.77000045776367,51.59000015258789,5202300
2020-05-28 00:00:00+00:00,47.81700897216797,50.959999084472656,52.95000076293945,50.93000030517578,52.869998931884766,4260700
2020-05-29 00:00:00+00:00,49.40278244018555,52.650001525878906,52.869998931884766,50.18000030517578,50.439998626708984,7522700
2020-06-01 00:00:00+00:00,50.74458694458008,54.08000183105469,54.439998626708984,52.11000061035156,52.45000076293945,3073300
2020-06-02 00:00:00+00:00,50.81026840209961,54.150001525878906,54.75,53.290000915527344,54.15999984741211,2638100
2020-06-03 00:00:00+00:00,52.04884719848633,55.470001220703125,55.58000183105469,54.54999923706055,55.0,4134500
2020-06-04 00:00:00+00:00,51.98316955566406,55.400001525878906,56.65999984741211,54.689998626708984,55.29999923706055,3281300
2020-06-05 00:00:00+00:00,54.95764923095703,58.56999969482422,58.70899963378906,56.0,57.83000183105469,4615100
2020-06-08 00:00:00+00:00,57.48174285888672,61.2599983215332,61.31999969482422,58.36000061035156,58.68000030517578,5966500
2020-06-09 00:00:00+00:00,56.90936279296875,60.650001525878906,61.459999084472656,59.2400016784668,60.400001525878906,4610200
2020-06-10 00:00:00+00:00,55.389286041259766,59.029998779296875,60.959999084472656,59.02000045776367,60.61000061035156,2658300
2020-06-11 00:00:00+00:00,52.78074264526367,56.25,58.06999969482422,55.70500183105469,56.0,3293900
2020-06-12 00:00:00+00:00,52.58369064331055,56.040000915527344,58.97999954223633,55.099998474121094,57.72999954223633,4313000
2020-06-15 00:00:00+00:00,54.113162994384766,57.66999816894531,57.79999923706055,53.83000183105469,54.5099983215332,4464300
2020-06-16 00:00:00+00:00,54.28206253051758,57.849998474121094,59.79999923706055,57.375,59.5,3510300
2020-06-17 00:00:00+00:00,53.24052047729492,56.7400016784668,58.189998626708984,56.459999084472656,58.119998931884766,2441500
2020-06-18 00:00:00+00:00,53.944271087646484,57.4900016784668,57.68000030517578,56.2400016784668,56.439998626708984,2137500
2020-06-19 00:00:00+00:00,53.4844856262207,57.0,58.959999084472656,55.95000076293945,58.959999084472656,7096100
2020-06-22 00:00:00+00:00,53.54078674316406,57.060001373291016,58.18000030517578,56.63999938964844,56.880001068115234,2027000
2020-06-23 00:00:00+00:00,53.29682159423828,56.79999923706055,57.869998931884766,56.59000015258789,57.689998626708984,2386900
2020-06-24 00:00:00+00:00,52.114540100097656,55.540000915527344,56.970001220703125,55.25,56.150001525878906,3022000
2020-06-25 00:00:00+00:00,52.733829498291016,56.20000076293945,56.5,54.7599983215332,55.04999923706055,2942900
2020-06-26 00:00:00+00:00,52.349117279052734,55.790000915527344,56.47999954223633,54.44200134277344,56.22999954223633,6634300
2020-06-29 00:00:00+00:00,53.08100128173828,56.56999969482422,56.79999923706055,55.33000183105469,55.88999938964844,2257300
2020-06-30 00:00:00+00:00,53.35313034057617,56.86000061035156,57.099998474121094,55.5099983215332,55.970001220703125,2518100
2020-07-01 00:00:00+00:00,52.3397331237793,55.779998779296875,57.0,55.75,57.0,2400200
2020-07-02 00:00:00+00:00,53.01532745361328,56.5,57.2400016784668,55.77000045776367,56.43000030517578,3162900
2020-07-06 00:00:00+00:00,53.35313034057617,56.86000061035156,57.58000183105469,56.43000030517578,57.380001068115234,1999100
2020-07-07 00:00:00+00:00,53.31559371948242,56.81999969482422,57.310001373291016,56.119998931884766,56.43000030517578,2537900
2020-07-08 00:00:00+00:00,53.40941619873047,56.91999816894531,57.150001525878906,56.27000045776367,57.029998779296875,6694900
2020-07-09 00:00:00+00:00,52.649375915527344,56.11000061035156,57.939998626708984,56.06999969482422,56.86000061035156,2424200
2020-07-10 00:00:00+00:00,53.465721130371094,56.97999954223633,57.310001373291016,56.040000915527344,56.22999954223633,2137300
2020-07-13 00:00:00+00:00,53.38127136230469,56.88999938964844,57.939998626708984,56.46500015258789,56.560001373291016,2882500
2020-07-14 00:00:00+00:00,53.831661224365234,57.369998931884766,57.45000076293945,56.029998779296875,56.220001220703125,2755100
2020-07-15 00:00:00+00:00,54.6104736328125,58.20000076293945,59.0,57.86000061035156,58.0099983215332,2358400
2020-07-16 00:00:00+00:00,54.72306823730469,58.31999969482422,58.560001373291016,57.65800094604492,58.0,2628800
2020-07-17 00:00:00+00:00,54.93889236450195,58.54999923706055,59.029998779296875,58.150001525878906,58.72999954223633,2983100
2020-07-20 00:00:00+00:00,54.94827651977539,58.560001373291016,59.650001525878906,57.9900016784668,58.41999816894531,2407800
2020-07-21 00:00:00+00:00,54.83566665649414,58.439998626708984,58.939998626708984,58.099998474121094,58.380001068115234,2314000
2020-07-22 00:00:00+00:00,54.873199462890625,58.47999954223633,58.93000030517578,57.68000030517578,57.959999084472656,2034300
2020-07-23 00:00:00+00:00,55.41743087768555,59.060001373291016,59.46799850463867,58.34000015258789,58.5,2566500
2020-07-24 00:00:00+00:00,54.5447883605957,58.130001068115234,59.19499969482422,57.630001068115234,59.18000030517578,3142100
2020-07-27 00:00:00+00:00,54.72306823730469,58.31999969482422,58.439998626708984,57.599998474121094,57.86000061035156,2670300
2020-07-28 00:00:00+00:00,56.56218719482422,60.279998779296875,61.83000183105469,59.70000076293945,59.81999969482422,4473600
2020-07-29 00:00:00+00:00,60.33424758911133,64.30000305175781,64.36000061035156,60.959999084472656,60.959999084472656,4885400
2020-07-30 00:00:00+00:00,59.480377197265625,63.38999938964844,64.5199966430664,63.150001525878906,63.439998626708984,2307000
2020-07-31 00:00:00+00:00,58.87046432495117,62.7400016784668,63.439998626708984,62.18000030517578,63.439998626708984,3156100
2020-08-03 00:00:00+00:00,59.31147384643555,63.209999084472656,63.81999969482422,62.7400016784668,63.02000045776367,3200500
2020-08-04 00:00:00+00:00,58.748497009277344,62.61000061035156,62.900001525878906,61.970001220703125,62.58000183105469,1739400
2020-08-05 00:00:00+00:00,59.198875427246094,63.09000015258789,63.650001525878906,62.34000015258789,62.7400016784668,2645000
2020-08-06 00:00:00+00:00,59.564823150634766,63.47999954223633,63.52000045776367,62.8650016784668,62.88999938964844,1557400
2020-08-07 00:00:00+00:00,60.437477111816406,64.41000366210938,64.47000122070312,63.15999984741211,63.15999984741211,1169100
2020-08-10 00:00:00+00:00,61.1881217956543,65.20999908447266,65.30000305175781,64.29000091552734,64.29000091552734,1572700
2020-08-11 00:00:00+00:00,60.39994812011719,64.37000274658203,65.94999694824219,64.33000183105469,65.5199966430664,2787700
2020-08-12 00:00:00+00:00,60.89725112915039,64.9000015258789,65.47000122070312,64.22000122070312,64.97000122070312,1496600
2020-08-13 00:00:00+00:00,60.052764892578125,64.0,64.95999908447266,63.83000183105469,64.95999908447266,1436200
2020-08-14 00:00:00+00:00,60.11844253540039,64.06999969482422,64.51000213623047,63.599998474121094,63.709999084472656,1633900
2020-08-17 00:00:00+00:00,60.01523208618164,63.959999084472656,64.52999877929688,63.709999084472656,64.45999908447266,1785500
2020-08-18 00:00:00+00:00,59.536678314208984,63.45000076293945,64.4000015258789,63.375,63.849998474121094,1680200
2020-08-19 00:00:00+00:00,59.039363861083984,62.91999816894531,63.59000015258789,62.59000015258789,63.47999954223633,1549000
2020-08-20 00:00:00+00:00,59.274696350097656,62.970001220703125,63.25,61.810001373291016,62.15999984741211,1291500
2020-08-21 00:00:00+00:00,59.895965576171875,63.630001068115234,63.7400016784668,62.59000015258789,63.029998779296875,2649500
2020-08-24 00:00:00+00:00,60.05598068237305,63.79999923706055,64.2300033569336,63.040000915527344,63.61000061035156,3199900
2020-08-25 00:00:00+00:00,60.51723098754883,64.29000091552734,64.80999755859375,63.904998779296875,64.41000366210938,1604100
2020-08-26 00:00:00+00:00,60.413692474365234,64.18000030517578,64.79000091552734,63.74800109863281,64.27999877929688,1161900
2020-08-27 00:00:00+00:00,59.519439697265625,63.22999954223633,64.90499877929688,63.16999816894531,64.47000122070312,1341700
2020-08-28 00:00:00+00:00,59.85832214355469,63.59000015258789,63.630001068115234,62.650001525878906,63.27000045776367,1129900
2020-08-31 00:00:00+00:00,59.208805084228516,62.900001525878906,63.84000015258789,62.84000015258789,63.61000061035156,1736400
2020-09-01 00:00:00+00:00,60.291324615478516,64.05000305175781,64.27999877929688,62.32500076293945,62.52000045776367,2334100
2020-09-02 00:00:00+00:00,61.505619049072266,65.33999633789062,65.55999755859375,63.650001525878906,63.72999954223633,1827200
2020-09-03 00:00:00+00:00,58.22042465209961,61.849998474121094,65.44999694824219,61.060001373291016,64.87999725341797,3096800
2020-09-04 00:00:00+00:00,57.88154983520508,61.4900016784668,62.599998474121094,60.43000030517578,62.5,2697000
2020-09-08 00:00:00+00:00,57.072017669677734,60.630001068115234,61.75,60.459999084472656,61.43000030517578,2137900
2020-09-09 00:00:00+00:00,58.43693161010742,62.08000183105469,62.529998779296875,61.0,61.029998779296875,1888500
2020-09-10 00:00:00+00:00,56.38485336303711,59.900001525878906,61.97999954223633,59.72999954223633,61.97999954223633,3828900
2020-09-11 00:00:00+00:00,56.61077117919922,60.13999938964844,60.709999084472656,59.775001525878906,60.2599983215332,2273400
2020-09-14 00:00:00+00:00,56.46957778930664,59.9900016784668,60.56999969482422,59.06700134277344,60.56999969482422,2420100
2020-09-15 00:00:00+00:00,56.76137924194336,60.29999923706055,61.619998931884766,60.029998779296875,60.029998779296875,1629400
2020-09-16 00:00:00+00:00,56.28131103515625,59.790000915527344,61.0099983215332,59.400001525878906,60.86000061035156,2457000
2020-09-17 00:00:00+00:00,57.45795822143555,61.040000915527344,61.09000015258789,58.040000915527344,58.75,2219900
2020-09-18 00:00:00+00:00,57.307350158691406,60.880001068115234,62.63999938964844,60.38999938964844,61.15999984741211,3806500
2020-09-21 00:00:00+00:00,55.923606872558594,59.40999984741211,60.220001220703125,58.66999816894531,60.0,2512100
2020-09-22 00:00:00+00:00,57.41089630126953,60.9900016784668,61.119998931884766,58.86000061035156,58.939998626708984,1841500
2020-09-23 00:00:00+00:00,56.864925384521484,60.40999984741211,61.77000045776367,60.20000076293945,60.77000045776367,1733700
2020-09-24 00:00:00+00:00,58.43693161010742,62.08000183105469,62.75,60.459999084472656,60.849998474121094,2374800
2020-09-25 00:00:00+00:00,57.93802261352539,61.54999923706055,62.349998474121094,61.189998626708984,61.61000061035156,1557600
2020-09-28 00:00:00+00:00,58.8416862487793,62.5099983215332,62.880001068115234,61.900001525878906,62.27000045776367,1233900
2020-09-29 00:00:00+00:00,58.747562408447266,62.40999984741211,62.7599983215332,61.880001068115234,62.41999816894531,1435400
2020-09-30 00:00:00+00:00,58.7569694519043,62.41999816894531,63.599998474121094,61.95000076293945,62.709999084472656,2494000
2020-10-01 00:00:00+00:00,58.70990753173828,62.369998931884766,64.22000122070312,61.7599983215332,62.869998931884766,2342500
2020-10-02 00:00:00+00:00,59.453548431396484,63.15999984741211,63.439998626708984,61.5099983215332,61.619998931884766,1447800
2020-10-05 00:00:00+00:00,60.752567291259766,64.54000091552734,64.62999725341797,63.23500061035156,63.7400016784668,1447700
2020-10-06 00:00:00+00:00,60.084232330322266,63.83000183105469,65.0,63.48500061035156,64.43000030517578,2107000
2020-10-07 00:00:00+00:00,61.23263168334961,65.05000305175781,65.62000274658203,64.375,64.62999725341797,1648100
2020-10-08 00:00:00+00:00,60.91258239746094,64.70999908447266,65.51000213623047,64.4800033569336,64.79000091552734,1213200
2020-10-09 00:00:00+00:00,61.515045166015625,65.3499984741211,65.66999816894531,64.30000305175781,65.0199966430664,1187000
2020-10-12 00:00:00+00:00,61.8350830078125,65.69000244140625,65.98500061035156,65.16999816894531,65.8499984741211,1185800
2020-10-13 00:00:00+00:00,61.30793380737305,65.12999725341797,65.80000305175781,64.61599731445312,65.16000366210938,1415900
2020-10-14 00:00:00+00:00,61.75977325439453,65.61000061035156,66.0,64.52999877929688,65.5,1633600
2020-10-15 00:00:00+00:00,61.37383270263672,65.19999694824219,65.43499755859375,64.01000213623047,64.66999816894531,982100
2020-10-16 00:00:00+00:00,61.213802337646484,65.02999877929688,65.80999755859375,64.80999755859375,65.30000305175781,1047500
2020-10-19 00:00:00+00:00,60.583126068115234,64.36000061035156,65.44000244140625,64.08000183105469,64.9000015258789,910500
2020-10-20 00:00:00+00:00,60.611366271972656,64.38999938964844,65.73999786376953,64.33999633789062,64.68000030517578,720000
2020-10-21 00:00:00+00:00,59.980674743652344,63.720001220703125,64.83000183105469,63.709999084472656,64.25,1082600
2020-10-22 00:00:00+00:00,59.52885437011719,63.2400016784668,63.9900016784668,62.97999954223633,63.9900016784668,4980300
2020-10-23 00:00:00+00:00,59.72652053833008,63.45000076293945,64.0199966430664,63.119998931884766,63.470001220703125,2308600
2020-10-26 00:00:00+00:00,59.5006103515625,63.209999084472656,63.88999938964844,61.369998931884766,63.84000015258789,3026000
2020-10-27 00:00:00+00:00,58.33338928222656,61.970001220703125,63.2400016784668,61.86000061035156,62.90999984741211,1973200
2020-10-28 00:00:00+00:00,55.528263092041016,58.9900016784668,61.2599983215332,58.77000045776367,61.0099983215332,2570900
2020-10-29 00:00:00+00:00,57.22262954711914,60.790000915527344,61.189998626708984,58.79999923706055,58.88999938964844,2122600
2020-10-30 00:00:00+00:00,57.68387985229492,61.279998779296875,61.29999923706055,59.79999923706055,60.349998474121094,2036100
2020-11-02 00:00:00+00:00,58.493412017822266,62.13999938964844,62.77000045776367,61.09000015258789,62.189998626708984,1819100
2020-11-03 00:00:00+00:00,59.02995681762695,62.709999084472656,63.849998474121094,62.08000183105469,62.93000030517578,1545600
2020-11-04 00:00:00+00:00,58.64401626586914,62.29999923706055,63.64500045776367,61.95000076293945,62.68000030517578,2042700
2020-11-05 00:00:00+00:00,58.954647064208984,62.630001068115234,63.95000076293945,62.59000015258789,63.31999969482422,1495700
2020-11-06 00:00:00+00:00,59.848899841308594,63.58000183105469,63.810001373291016,62.66999816894531,62.970001220703125,1145800
2020-11-09 00:00:00+00:00,59.773597717285156,63.5,67.29000091552734,63.43000030517578,67.0,2420100
2020-11-10 00:00:00+00:00,61.882137298583984,65.73999786376953,65.91799926757812,63.31999969482422,63.380001068115234,2174600
2020-11-11 00:00:00+00:00,62.23984909057617,66.12000274658203,66.33000183105469,64.73999786376953,65.86000061035156,1319500
2020-11-12 00:00:00+00:00,62.11746597290039,65.98999786376953,66.45999908447266,65.41999816894531,66.18000030517578,1774700
2020-11-13 00:00:00+00:00,61.72212219238281,65.56999969482422,66.73999786376953,65.2300033569336,66.23999786376953,1438500
2020-11-16 00:00:00+00:00,63.43531036376953,67.38999938964844,67.63999938964844,65.68000030517578,66.22000122070312,2338900
2020-11-17 00:00:00+00:00,63.256473541259766,67.19999694824219,67.94999694824219,66.30500030517578,67.16000366210938,1465000
2020-11-18 00:00:00+00:00,62.719913482666016,66.62999725341797,67.9800033569336,66.51000213623047,67.30999755859375,2182800
2020-11-19 00:00:00+00:00,62.46499252319336,66.16000366210938,67.19000244140625,65.5999984741211,66.62999725341797,1809900
2020-11-20 00:00:00+00:00,62.61605453491211,66.31999969482422,66.73999786376953,66.0,66.08999633789062,1811200
2020-11-23 00:00:00+00:00,63.4941291809082,67.25,67.52999877929688,66.55000305175781,66.63999938964844,1885500
2020-11-24 00:00:00+00:00,63.6357421875,67.4000015258789,68.04000091552734,66.87999725341797,68.04000091552734,4738800
2020-11-25 00:00:00+00:00,63.61685562133789,67.37999725341797,67.47000122070312,66.41999816894531,67.44000244140625,1125400
2020-11-27 00:00:00+00:00,63.57908248901367,67.33999633789062,68.20999908447266,66.9000015258789,67.55000305175781,1645000
2020-11-30 00:00:00+00:00,63.20143127441406,66.94000244140625,67.69999694824219,66.37999725341797,66.83999633789062,1831000
2020-12-01 00:00:00+00:00,63.09757995605469,66.83000183105469,68.16000366210938,66.7699966430664,67.41999816894531,2928100
2020-12-02 00:00:00+00:00,62.021244049072266,65.69000244140625,67.2699966430664,65.55999755859375,66.91999816894531,1379600
2020-12-03 00:00:00+00:00,61.8324089050293,65.48999786376953,66.8499984741211,65.36000061035156,65.7699966430664,1061900
2020-12-04 00:00:00+00:00,61.520851135253906,65.16000366210938,66.04299926757812,64.87999725341797,65.6500015258789,2054300
2020-12-07 00:00:00+00:00,61.22815704345703,64.8499984741211,65.30999755859375,64.01000213623047,64.9800033569336,1917600
2020-12-08 00:00:00+00:00,62.41778564453125,66.11000061035156,66.1500015258789,64.68000030517578,64.77999877929688,2641500
2020-12-09 00:00:00+00:00,61.8324089050293,65.48999786376953,66.20999908447266,65.19000244140625,65.75,1668600
2020-12-10 00:00:00+00:00,60.42562484741211,64.0,66.13999938964844,63.849998474121094,65.20999908447266,2056600
2020-12-11 00:00:00+00:00,60.170711517333984,63.72999954223633,63.880001068115234,62.95000076293945,63.33000183105469,2023900
2020-12-14 00:00:00+00:00,59.27376174926758,62.779998779296875,64.48999786376953,62.52000045776367,64.48999786376953,1377800
2020-12-15 00:00:00+00:00,61.114864349365234,64.7300033569336,65.58999633789062,62.959999084472656,63.11000061035156,2041100
2020-12-16 00:00:00+00:00,61.596370697021484,65.23999786376953,65.33000183105469,64.33999633789062,64.93000030517578,1760600
2020-12-17 00:00:00+00:00,62.11566162109375,65.79000091552734,66.31999969482422,65.5,65.75,1873700
2020-12-18 00:00:00+00:00,61.945716857910156,65.61000061035156,66.19999694824219,64.54000091552734,65.98999786376953,4028700
2020-12-21 00:00:00+00:00,62.45555114746094,66.1500015258789,66.4800033569336,64.5999984741211,64.94000244140625,2201300
2020-12-22 00:00:00+00:00,61.75688171386719,65.41000366210938,65.98999786376953,65.09500122070312,65.83999633789062,1151500
2020-12-23 00:00:00+00:00,61.96459197998047,65.62999725341797,66.23999786376953,65.30000305175781,65.48999786376953,972500
2020-12-24 00:00:00+00:00,62.11566162109375,65.79000091552734,65.9800033569336,65.29000091552734,65.44999694824219,992100
2020-12-28 00:00:00+00:00,62.31393051147461,66.0,66.5999984741211,65.54000091552734,66.18000030517578,786400
2020-12-29 00:00:00+00:00,62.021244049072266,65.69000244140625,66.5999984741211,65.12999725341797,66.30999755859375,1008400
2020-12-30 00:00:00+00:00,62.99370574951172,66.72000122070312,66.83000183105469,65.79000091552734,65.79000091552734,1082200
2020-12-31 00:00:00+00:00,63.77737045288086,67.55000305175781,67.69000244140625,66.56999969482422,66.86000061035156,1238200
2021-01-04 00:00:00+00:00,61.92681884765625,65.58999633789062,68.0199966430664,65.55000305175781,67.55000305175781,2569600
2021-01-05 00:00:00+00:00,61.46419143676758,65.0999984741211,66.41999816894531,64.75900268554688,65.81999969482422,1366100
2021-01-06 00:00:00+00:00,63.1731071472168,66.91000366210938,67.33000183105469,65.25,65.81999969482422,1596000
2021-01-07 00:00:00+00:00,63.9945182800293,67.77999877929688,67.95500183105469,66.84500122070312,67.30000305175781,1542500
2021-01-08 00:00:00+00:00,63.09757995605469,66.83000183105469,67.97000122070312,65.8499984741211,67.47000122070312,1914000
2021-01-11 00:00:00+00:00,62.65382766723633,66.36000061035156,66.79000091552734,65.80999755859375,66.22000122070312,1506200
2021-01-12 00:00:00+00:00,61.58694076538086,65.2300033569336,66.80000305175781,65.06999969482422,66.2699966430664,1722000
2021-01-13 00:00:00+00:00,60.39730453491211,63.970001220703125,65.53500366210938,63.849998474121094,65.19000244140625,3172600
2021-01-14 00:00:00+00:00,61.31312942504883,64.94000244140625,65.37000274658203,63.79999923706055,64.19999694824219,3088300
2021-01-15 00:00:00+00:00,61.870182037353516,65.52999877929688,65.69000244140625,63.5099983215332,64.80999755859375,1841100
2021-01-19 00:00:00+00:00,61.7191162109375,65.37000274658203,66.44999694824219,64.91999816894531,66.0,2489200
2021-01-20 00:00:00+00:00,61.54917526245117,65.19000244140625,66.5,64.88999938964844,65.80000305175781,1737200
2021-01-21 00:00:00+00:00,59.972434997558594,63.52000045776367,65.23999786376953,63.45000076293945,65.23999786376953,3945600
2021-01-22 00:00:00+00:00,61.2564811706543,64.87999725341797,65.20999908447266,63.20000076293945,63.52000045776367,3546500
2021-01-25 00:00:00+00:00,60.63335037231445,64.22000122070312,64.61000061035156,62.0,64.0,4500200
2021-01-26 00:00:00+00:00,59.96299362182617,63.5099983215332,65.08999633789062,62.27000045776367,64.5999984741211,2742100
2021-01-27 00:00:00+00:00,58.76392364501953,62.2400016784668,63.0099983215332,61.279998779296875,62.68000030517578,3241300
2021-01-28 00:00:00+00:00,60.26512908935547,63.83000183105469,64.81999969482422,62.33000183105469,62.599998474121094,3235000
2021-01-29 00:00:00+00:00,61.03932571411133,64.6500015258789,65.98999786376953,63.45000076293945,65.11000061035156,10353200
2021-02-01 00:00:00+00:00,60.944915771484375,64.55000305175781,66.01000213623047,63.0,65.98999786376953,3731500
2021-02-02 00:00:00+00:00,61.02989196777344,64.63999938964844,66.77999877929688,64.5,65.05000305175781,4327800
2021-02-03 00:00:00+00:00,60.472835540771484,64.05000305175781,64.87000274658203,62.95000076293945,64.63999938964844,3542100
2021-02-04 00:00:00+00:00,59.755287170410156,63.290000915527344,64.12999725341797,63.0,63.88999938964844,2303900
2021-02-05 00:00:00+00:00,60.359535217285156,63.93000030517578,64.19999694824219,62.630001068115234,62.7400016784668,3697900
2021-02-08 00:00:00+00:00,60.170711517333984,63.72999954223633,64.52999877929688,63.150001525878906,63.75,1787100
2021-02-09 00:00:00+00:00,60.76551818847656,64.36000061035156,64.59300231933594,63.209999084472656,63.540000915527344,2819100
2021-02-10 00:00:00+00:00,61.6624755859375,65.30999755859375,65.9000015258789,64.5999984741211,64.94000244140625,1934100
2021-02-11 00:00:00+00:00,60.0714225769043,63.43000030517578,65.20600128173828,62.8849983215332,65.04000091552734,4298900
2021-02-12 00:00:00+00:00,60.54494857788086,63.93000030517578,64.54000091552734,62.88999938964844,62.88999938964844,2021600
2021-02-16 00:00:00+00:00,59.84412384033203,63.189998626708984,64.33999633789062,62.58000183105469,64.30999755859375,3228400
2021-02-17 00:00:00+00:00,59.37060546875,62.689998626708984,63.369998931884766,62.61899948120117,63.310001373291016,2178600
2021-02-18 00:00:00+00:00,59.72100830078125,63.060001373291016,63.58000183105469,62.310001373291016,62.459999084472656,2258400
2021-02-19 00:00:00+00:00,59.702064514160156,63.040000915527344,63.45500183105469,62.939998626708984,63.31999969482422,3852700
2021-02-22 00:00:00+00:00,59.88200378417969,63.22999954223633,63.595001220703125,62.52000045776367,62.849998474121094,2560000
2021-02-23 00:00:00+00:00,59.88200378417969,63.22999954223633,63.56999969482422,62.560001373291016,62.84000015258789,2571200
2021-02-24 00:00:00+00:00,60.94270324707031,64.3499984741211,64.41000366210938,63.029998779296875,63.09000015258789,2257300
2021-02-25 00:00:00+00:00,61.04688262939453,64.45999908447266,64.91000366210938,64.01000213623047,64.27999877929688,2431700
2021-02-26 00:00:00+00:00,60.33660125732422,63.709999084472656,64.88999938964844,63.59000015258789,64.88999938964844,3278300
2021-03-01 00:00:00+00:00,61.492000579833984,64.93000030517578,65.75,64.06999969482422,64.12000274658203,1896000
2021-03-02 00:00:00+00:00,61.94658279418945,65.41000366210938,65.84500122070312,64.33000183105469,64.7300033569336,2657500
2021-03-03 00:00:00+00:00,63.452388763427734,67.0,67.6500015258789,65.06999969482422,65.51000213623047,3210800
2021-03-04 00:00:00+00:00,60.56389236450195,63.95000076293945,66.9000015258789,63.34000015258789,66.83000183105469,3634400
2021-03-05 00:00:00+00:00,61.435176849365234,64.87000274658203,65.11000061035156,62.7599983215332,64.5199966430664,2168000
2021-03-08 00:00:00+00:00,61.766639709472656,65.22000122070312,66.33000183105469,64.58999633789062,64.97000122070312,1636700
2021-03-09 00:00:00+00:00,61.492000579833984,64.93000030517578,66.6500015258789,64.91999816894531,65.69000244140625,2547300
2021-03-10 00:00:00+00:00,62.74211120605469,66.25,66.49500274658203,64.61000061035156,64.66999816894531,1814900
2021-03-11 00:00:00+00:00,63.73651123046875,67.30000305175781,67.63999938964844,65.88999938964844,66.0999984741211,2214700
2021-03-12 00:00:00+00:00,62.505340576171875,66.0,67.6500015258789,65.98999786376953,67.6500015258789,1938200
2021-03-15 00:00:00+00:00,63.083038330078125,66.61000061035156,66.63999938964844,65.51499938964844,65.94000244140625,1495700
2021-03-16 00:00:00+00:00,64.1153335571289,67.69999694824219,67.97000122070312,66.58000183105469,67.12000274658203,2371800
2021-03-17 00:00:00+00:00,64.94871520996094,68.58000183105469,68.6500015258789,67.36000061035156,67.98999786376953,1729500
2021-03-18 00:00:00+00:00,64.54150390625,68.1500015258789,68.63999938964844,67.45999908447266,68.1500015258789,2752800
2021-03-19 00:00:00+00:00,63.31980514526367,66.86000061035156,67.88999938964844,66.5199966430664,67.88999938964844,3149000
2021-03-22 00:00:00+00:00,63.28190994262695,66.81999969482422,66.94000244140625,65.63999938964844,66.80999755859375,1391500
2021-03-23 00:00:00+00:00,63.41450500488281,66.95999908447266,67.70999908447266,66.19999694824219,66.41999816894531,1364500
2021-03-24 00:00:00+00:00,63.61337661743164,67.16999816894531,67.95999908447266,66.87999725341797,66.87999725341797,1378000
2021-03-25 00:00:00+00:00,64.26685333251953,67.86000061035156,68.13999938964844,66.76000213623047,67.41000366210938,1738900
2021-03-26 00:00:00+00:00,65.3843765258789,69.04000091552734,69.37999725341797,67.62000274658203,68.16000366210938,1989400
2021-03-29 00:00:00+00:00,66.20829772949219,69.91000366210938,70.66999816894531,69.5,69.83000183105469,2038300
2021-03-30 00:00:00+00:00,66.04730987548828,69.73999786376953,70.48999786376953,69.41999816894531,70.06999969482422,2604800
2021-03-31 00:00:00+00:00,64.82560729980469,68.44999694824219,70.0199966430664,68.2699966430664,70.0199966430664,3783100
2021-04-01 00:00:00+00:00,65.59273529052734,69.26000213623047,69.63999938964844,68.31999969482422,68.88999938964844,1579200
2021-04-05 00:00:00+00:00,65.5643310546875,69.2300033569336,69.69999694824219,68.91999816894531,69.08000183105469,1126600
2021-04-06 00:00:00+00:00,66.02837371826172,69.72000122070312,70.46499633789062,68.88999938964844,69.5,1972800
2021-04-07 00:00:00+00:00,65.94314575195312,69.62999725341797,70.2699966430664,69.41000366210938,69.86000061035156,7225700
2021-04-08 00:00:00+00:00,65.73478698730469,69.41000366210938,69.6449966430664,68.91999816894531,69.48999786376953,1881700
2021-04-09 00:00:00+00:00,67.00384521484375,70.75,70.94999694824219,69.44999694824219,69.68000030517578,3557700
2021-04-12 00:00:00+00:00,66.90912628173828,70.6500015258789,71.1050033569336,70.31999969482422,70.62000274658203,1986000
2021-04-13 00:00:00+00:00,67.35424041748047,71.12000274658203,71.23500061035156,70.19200134277344,70.44999694824219,1513400
2021-04-14 00:00:00+00:00,66.67236328125,70.4000015258789,71.07499694824219,70.05999755859375,71.0,3099700
2021-04-15 00:00:00+00:00,67.21219635009766,70.97000122070312,71.23999786376953,70.11000061035156,70.63999938964844,1495600
2021-04-16 00:00:00+00:00,66.84284973144531,70.58000183105469,71.41000366210938,69.8499984741211,71.41000366210938,2548500
2021-04-19 00:00:00+00:00,67.26899719238281,71.02999877929688,71.38500213623047,70.3499984741211,70.70999908447266,2641300
2021-04-20 00:00:00+00:00,66.73865509033203,70.47000122070312,71.69000244140625,70.33000183105469,71.63999938964844,3682300
2021-04-21 00:00:00+00:00,67.27847290039062,71.04000091552734,71.08000183105469,69.83000183105469,70.44999694824219,3080300
2021-04-22 00:00:00+00:00,67.1932373046875,70.94999694824219,71.75,70.61000061035156,71.2300033569336,2415600
2021-04-23 00:00:00+00:00,67.50576782226562,71.27999877929688,71.9800033569336,70.73999786376953,71.06999969482422,2574700
2021-04-26 00:00:00+00:00,72.23153686523438,76.2699966430664,76.87999725341797,74.55000305175781,76.44000244140625,6077800
2021-04-27 00:00:00+00:00,74.8169937133789,79.0,79.26000213623047,76.12000274658203,76.5,6143800
2021-04-28 00:00:00+00:00,73.86994171142578,78.0,79.5,77.98999786376953,79.18000030517578,3492300
2021-04-29 00:00:00+00:00,74.5234146118164,78.69000244140625,79.12000274658203,78.0199966430664,78.0199966430664,2492200
2021-04-30 00:00:00+00:00,73.74683380126953,77.87000274658203,78.66999816894531,77.55000305175781,78.25,3659500
2021-05-03 00:00:00+00:00,74.24877166748047,78.4000015258789,79.0999984741211,77.91000366210938,78.48999786376953,2739900
2021-05-04 00:00:00+00:00,74.55182647705078,78.72000122070312,79.55999755859375,78.37999725341797,78.37999725341797,3402100
2021-05-05 00:00:00+00:00,73.92676544189453,78.05999755859375,79.23999786376953,77.76000213623047,78.88999938964844,2075500
2021-05-06 00:00:00+00:00,74.21088409423828,78.36000061035156,78.87899780273438,77.69999694824219,78.43000030517578,2983500
2021-05-07 00:00:00+00:00,74.04989624023438,78.19000244140625,78.94999694824219,77.91000366210938,78.08000183105469,2780700
2021-05-10 00:00:00+00:00,74.1067123413086,78.25,79.0999984741211,78.02999877929688,78.66999816894531,4867400
2021-05-11 00:00:00+00:00,73.51007843017578,77.62000274658203,78.11000061035156,76.8499984741211,77.79000091552734,2939200
2021-05-12 00:00:00+00:00,72.09895324707031,76.12999725341797,77.95999908447266,76.11000061035156,77.76000213623047,2392700
2021-05-13 00:00:00+00:00,73.06497192382812,77.1500015258789,77.5250015258789,75.81999969482422,75.98999786376953,2658300
2021-05-14 00:00:00+00:00,74.70333862304688,78.87999725341797,79.44000244140625,77.41000366210938,77.6500015258789,3255300
2021-05-17 00:00:00+00:00,74.82646179199219,79.01000213623047,79.18000030517578,78.0999984741211,78.7300033569336,2234000
2021-05-18 00:00:00+00:00,74.43817138671875,78.5999984741211,79.69000244140625,78.56999969482422,79.55000305175781,2941000
2021-05-19 00:00:00+00:00,73.3680191040039,77.47000122070312,78.0,77.02999877929688,77.94000244140625,5465700
2021-05-20 00:00:00+00:00,73.49150848388672,77.36000061035156,77.86000061035156,76.86000061035156,77.12000274658203,6751500
2021-05-21 00:00:00+00:00,73.69100189208984,77.56999969482422,78.30000305175781,77.27999877929688,77.62000274658203,2245000
2021-05-24 00:00:00+00:00,74.22300720214844,78.12999725341797,78.33000183105469,77.20999908447266,77.5999984741211,1547500
2021-05-25 00:00:00+00:00,73.80500793457031,77.69000244140625,78.61000061035156,77.66000366210938,78.27999877929688,2288600
2021-05-26 00:00:00+00:00,73.88099670410156,77.7699966430664,78.2300033569336,77.55000305175781,77.7699966430664,1890100
2021-05-27 00:00:00+00:00,74.77400207519531,78.70999908447266,79.08999633789062,77.69000244140625,78.1500015258789,2818900
2021-05-28 00:00:00+00:00,74.41301727294922,78.33000183105469,78.70999908447266,77.83000183105469,78.4800033569336,1915000
2021-06-01 00:00:00+00:00,74.489013671875,78.41000366210938,79.83000183105469,78.2750015258789,79.16999816894531,2207600
2021-06-02 00:00:00+00:00,74.35598754882812,78.2699966430664,78.76000213623047,77.7699966430664,78.41999816894531,1898600
2021-06-03 00:00:00+00:00,75.18248748779297,79.13999938964844,79.43000030517578,77.66999816894531,78.25,1949900
2021-06-04 00:00:00+00:00,75.8759994506836,79.87000274658203,79.91999816894531,79.22000122070312,79.25,1644000
2021-06-07 00:00:00+00:00,75.62899017333984,79.61000061035156,80.80500030517578,79.47000122070312,80.4000015258789,1723600
2021-06-08 00:00:00+00:00,76.80697631835938,80.8499984741211,80.94999694824219,79.375,79.76000213623047,2647600
2021-06-09 00:00:00+00:00,76.71199035644531,80.75,81.18000030517578,80.33000183105469,80.79000091552734,1947300
2021-06-10 00:00:00+00:00,76.39849090576172,80.41999816894531,81.55999755859375,79.79000091552734,81.05000305175781,1753200
2021-06-11 00:00:00+00:00,76.51248168945312,80.54000091552734,80.98999786376953,79.69999694824219,80.8499984741211,1527800
2021-06-14 00:00:00+00:00,76.75948333740234,80.80000305175781,80.80000305175781,80.12999725341797,80.56999969482422,1232700
2021-06-15 00:00:00+00:00,76.93997955322266,80.98999786376953,81.2699966430664,80.4229965209961,80.97000122070312,1341500
2021-06-16 00:00:00+00:00,76.59796905517578,80.62999725341797,81.30999755859375,80.29000091552734,81.01000213623047,2578100
2021-06-17 00:00:00+00:00,76.44598388671875,80.47000122070312,81.19000244140625,79.44499969482422,80.91999816894531,3734700
2021-06-18 00:00:00+00:00,75.52449798583984,79.5,80.16999816894531,78.92500305175781,79.76000213623047,4490800
2021-06-21 00:00:00+00:00,76.98749542236328,81.04000091552734,81.0999984741211,79.66999816894531,80.08999633789062,2582700
2021-06-22 00:00:00+00:00,77.3010025024414,81.37000274658203,81.80999755859375,80.75,81.04000091552734,1757800
2021-06-23 00:00:00+00:00,76.77848815917969,80.81999969482422,81.66000366210938,80.73999786376953,81.63999938964844,1276400
2021-06-24 00:00:00+00:00,77.3010025024414,81.37000274658203,81.69999694824219,80.69000244140625,80.88999938964844,1679100
2021-06-25 00:00:00+00:00,77.56697845458984,81.6500015258789,81.91000366210938,81.27999877929688,81.51000213623047,2532100
2021-06-28 00:00:00+00:00,77.57649993896484,81.66000366210938,81.75,80.73999786376953,81.5999984741211,1940000
2021-06-29 00:00:00+00:00,77.97547149658203,82.08000183105469,82.47000122070312,81.58000183105469,81.69000244140625,1844000
2021-06-30 00:00:00+00:00,77.68099212646484,81.7699966430664,82.41000366210938,81.2300033569336,81.8499984741211,1981700
2021-07-01 00:00:00+00:00,77.97547149658203,82.08000183105469,82.38999938964844,81.69999694824219,82.19000244140625,1576100
2021-07-02 00:00:00+00:00,78.52648162841797,82.66000366210938,82.94000244140625,81.8499984741211,82.19000244140625,1113100
2021-07-06 00:00:00+00:00,78.13697814941406,82.25,82.56999969482422,81.69999694824219,82.2699966430664,1570300
2021-07-07 00:00:00+00:00,79.8754653930664,84.08000183105469,84.6500015258789,82.31999969482422,82.86000061035156,1645300
2021-07-08 00:00:00+00:00,78.93498992919922,83.08999633789062,83.93000030517578,82.45999908447266,82.91999816894531,1478100
2021-07-09 00:00:00+00:00,79.62846374511719,83.81999969482422,84.01000213623047,83.2300033569336,83.83999633789062,1073300
2021-07-12 00:00:00+00:00,79.62846374511719,83.81999969482422,83.88999938964844,83.23999786376953,83.47000122070312,1506700
2021-07-13 00:00:00+00:00,79.35297393798828,83.52999877929688,84.38999938964844,83.30000305175781,84.01000213623047,1683000
2021-07-14 00:00:00+00:00,80.54044342041016,84.77999877929688,84.98200225830078,83.4000015258789,83.4000015258789,1772100
2021-07-15 00:00:00+00:00,80.96794891357422,85.2300033569336,85.41999816894531,84.5,84.5,1769100
2021-07-16 00:00:00+00:00,80.67347717285156,84.91999816894531,85.55000305175781,84.87000274658203,85.06999969482422,1654800
2021-07-19 00:00:00+00:00,79.85646057128906,84.05999755859375,84.41000366210938,83.0199966430664,84.30999755859375,2534100
2021-07-20 00:00:00+00:00,81.79444885253906,86.0999984741211,86.29000091552734,84.13999938964844,84.44999694824219,1839200
2021-07-21 00:00:00+00:00,82.46894836425781,86.80999755859375,86.91000366210938,86.14800262451172,86.25,1447700
2021-07-22 00:00:00+00:00,82.96294403076172,87.33000183105469,87.6500015258789,86.62000274658203,87.0,2123200
2021-07-23 00:00:00+00:00,84.09342956542969,88.5199966430664,88.81800079345703,87.6500015258789,88.08000183105469,1648700
2021-07-26 00:00:00+00:00,84.6064224243164,89.05999755859375,90.19999694824219,86.8499984741211,89.94000244140625,3098600
2021-07-27 00:00:00+00:00,83.80843353271484,88.22000122070312,89.15599822998047,87.5199966430664,89.0250015258789,1701900
2021-07-28 00:00:00+00:00,83.5329360961914,87.93000030517578,88.44000244140625,87.2699966430664,88.0199966430664,1670200
2021-07-29 00:00:00+00:00,84.42593383789062,88.87000274658203,88.94000244140625,87.87000274658203,88.3499984741211,2009900
2021-07-30 00:00:00+00:00,85.0719223022461,89.55000305175781,89.79000091552734,88.69000244140625,88.83999633789062,1545200
2021-08-02 00:00:00+00:00,85.43292999267578,89.93000030517578,90.66999816894531,89.68000030517578,89.68000030517578,1441000
2021-08-03 00:00:00+00:00,86.71543884277344,91.27999877929688,91.81999969482422,90.0999984741211,90.11000061035156,1683700
2021-08-04 00:00:00+00:00,86.25942993164062,90.80000305175781,91.66999816894531,90.56999969482422,91.0,1214800
2021-08-05 00:00:00+00:00,86.19293975830078,90.7300033569336,91.41000366210938,90.02999877929688,91.1500015258789,1547000
2021-08-06 00:00:00+00:00,85.63243103027344,90.13999938964844,91.31999969482422,89.95999908447266,91.02999877929688,1938600
2021-08-09 00:00:00+00:00,85.24293518066406,89.7300033569336,90.05999755859375,88.94000244140625,89.81999969482422,1867200
2021-08-10 00:00:00+00:00,85.37593841552734,89.87000274658203,90.55999755859375,89.38999938964844,89.88999938964844,1269500
2021-08-11 00:00:00+00:00,85.90792846679688,90.43000030517578,90.54000091552734,89.80999755859375,89.91000366210938,1539600
2021-08-12 00:00:00+00:00,85.6894302368164,90.19999694824219,90.43000030517578,89.55999755859375,90.43000030517578,1344100
2021-08-13 00:00:00+00:00,86.12642669677734,90.66000366210938,91.02999877929688,90.0999984741211,90.26000213623047,2823900
2021-08-16 00:00:00+00:00,87.30442810058594,91.9000015258789,92.0999984741211,90.45999908447266,90.75,2660100
2021-08-17 00:00:00+00:00,86.2024154663086,90.73999786376953,91.75,90.16999816894531,91.43000030517578,1821700
2021-08-18 00:00:00+00:00,85.97442626953125,90.5,91.72000122070312,90.30000305175781,90.47000122070312,2377400
2021-08-19 00:00:00+00:00,85.91726684570312,90.19999694824219,90.88999938964844,89.30999755859375,89.56999969482422,1343500
2021-08-20 00:00:00+00:00,85.74581146240234,90.0199966430664,90.41000366210938,89.47000122070312,89.83000183105469,3291500
2021-08-23 00:00:00+00:00,85.65056610107422,89.91999816894531,90.98999786376953,89.86000061035156,90.54000091552734,2037500
2021-08-24 00:00:00+00:00,86.07920837402344,90.37000274658203,90.76000213623047,89.65499877929688,89.86000061035156,2585500
2021-08-25 00:00:00+00:00,86.8031234741211,91.12999725341797,91.47000122070312,90.62000274658203,90.7699966430664,2034500
2021-08-26 00:00:00+00:00,87.4508285522461,91.80999755859375,92.0,90.91000366210938,90.91999816894531,1527800
2021-08-27 00:00:00+00:00,87.64134216308594,92.01000213623047,92.67900085449219,91.76000213623047,92.11000061035156,1195500
2021-08-30 00:00:00+00:00,87.98426055908203,92.37000274658203,92.83999633789062,91.7750015258789,92.01000213623047,867900
2021-08-31 00:00:00+00:00,87.84136199951172,92.22000122070312,92.6449966430664,91.86000061035156,92.37000274658203,2124700
2021-09-01 00:00:00+00:00,87.15555572509766,91.5,92.19999694824219,90.95500183105469,92.19000244140625,1711600
2021-09-02 00:00:00+00:00,87.68895721435547,92.05999755859375,92.45999908447266,91.6500015258789,91.9000015258789,1547000
2021-09-03 00:00:00+00:00,87.46037292480469,91.81999969482422,92.45500183105469,91.58000183105469,91.88999938964844,1313400
2021-09-07 00:00:00+00:00,85.13619995117188,89.37999725341797,91.56999969482422,89.26000213623047,91.56999969482422,2056300
2021-09-08 00:00:00+00:00,86.41259002685547,90.72000122070312,91.05999755859375,89.04199981689453,89.12999725341797,2312400
2021-09-09 00:00:00+00:00,86.1839828491211,90.4800033569336,91.26000213623047,90.12000274658203,90.83999633789062,1610300
2021-09-10 00:00:00+00:00,86.25066375732422,90.55000305175781,91.23999786376953,90.19999694824219,91.02999877929688,1494900
2021-09-13 00:00:00+00:00,85.67913818359375,89.94999694824219,91.70999908447266,89.40499877929688,91.33000183105469,2013200
2021-09-14 00:00:00+00:00,86.06967163085938,90.36000061035156,90.83000183105469,89.26499938964844,90.20999908447266,2113700
2021-09-15 00:00:00+00:00,86.0601577758789,90.3499984741211,90.58000183105469,89.45999908447266,90.58000183105469,2868600
2021-09-16 00:00:00+00:00,84.0122299194336,88.19999694824219,90.3499984741211,87.625,90.3499984741211,3171200
2021-09-17 00:00:00+00:00,80.98323059082031,85.0199966430664,87.44999694824219,84.88999938964844,87.26000213623047,11037500
2021-09-20 00:00:00+00:00,79.23058319091797,83.18000030517578,84.4000015258789,82.2699966430664,84.0,4458100
2021-09-21 00:00:00+00:00,78.10660552978516,82.0,84.12000274658203,81.93000030517578,83.31999969482422,4208800
2021-09-22 00:00:00+00:00,80.28787231445312,84.29000091552734,85.55000305175781,83.12000274658203,83.86000061035156,3488600
2021-09-23 00:00:00+00:00,81.6690444946289,85.73999786376953,86.80999755859375,84.02999877929688,84.52999877929688,4250200
2021-09-24 00:00:00+00:00,80.830810546875,84.86000061035156,86.1449966430664,84.55999755859375,85.41999816894531,1874200
2021-09-27 00:00:00+00:00,80.23074340820312,84.2300033569336,85.13500213623047,84.05000305175781,84.55000305175781,1614400
2021-09-28 00:00:00+00:00,79.73542022705078,83.70999908447266,84.15599822998047,82.72000122070312,83.56999969482422,2440600
2021-09-29 00:00:00+00:00,79.36393737792969,83.31999969482422,84.38999938964844,83.11000061035156,83.9000015258789,1784600
2021-09-30 00:00:00+00:00,78.3733139038086,82.27999877929688,84.08000183105469,82.2699966430664,83.87999725341797,2354800
2021-10-01 00:00:00+00:00,78.5828628540039,82.5,83.0,81.05000305175781,82.66000366210938,2530400
2021-10-04 00:00:00+00:00,78.02088928222656,81.91000366210938,83.125,81.58000183105469,82.11000061035156,2474600
2021-10-05 00:00:00+00:00,79.40203857421875,83.36000061035156,83.74500274658203,81.8499984741211,82.27999877929688,2080900
2021-10-06 00:00:00+00:00,78.93531036376953,82.87000274658203,83.5,81.20999908447266,82.79000091552734,1916800
2021-10-07 00:00:00+00:00,80.37360382080078,84.37999725341797,85.11000061035156,83.77999877929688,83.94000244140625,2487900
2021-10-08 00:00:00+00:00,79.48776245117188,83.44999694824219,84.38500213623047,82.6500015258789,83.91000366210938,1942600
2021-10-11 00:00:00+00:00,77.7446517944336,81.62000274658203,83.5,81.55999755859375,83.2300033569336,2134100
2021-10-12 00:00:00+00:00,78.04945373535156,81.94000244140625,82.18499755859375,81.27999877929688,81.80999755859375,2368900
2021-10-13 00:00:00+00:00,77.4207992553711,81.27999877929688,82.29000091552734,81.08000183105469,82.23999786376953,1519300
2021-10-14 00:00:00+00:00,79.44966888427734,83.41000366210938,83.48999786376953,81.94999694824219,81.95999908447266,2166500
2021-10-15 00:00:00+00:00,80.10690307617188,84.0999984741211,84.69000244140625,83.48999786376953,83.91999816894531,1681400
2021-10-18 00:00:00+00:00,79.36393737792969,83.31999969482422,83.86900329589844,82.9729995727539,83.66000366210938,1452300
2021-10-19 00:00:00+00:00,80.41170501708984,84.41999816894531,84.73999786376953,83.7699966430664,84.0,1388000
2021-10-20 00:00:00+00:00,81.40232849121094,85.45999908447266,86.45999908447266,84.2300033569336,84.62999725341797,2339900
2021-10-21 00:00:00+00:00,81.29754638671875,85.3499984741211,85.38999938964844,83.48999786376953,84.18000030517578,1917700
2021-10-22 00:00:00+00:00,81.56425476074219,85.62999725341797,86.70999908447266,85.41000366210938,85.86000061035156,2678500
2021-10-25 00:00:00+00:00,77.97325134277344,81.86000061035156,83.94999694824219,81.08999633789062,81.08999633789062,3623700
2021-10-26 00:00:00+00:00,76.45875549316406,80.2699966430664,82.5999984741211,79.76000213623047,82.33499908447266,3657600
2021-10-27 00:00:00+00:00,75.93488311767578,79.72000122070312,80.83000183105469,79.48999786376953,80.66999816894531,2896600
2021-10-28 00:00:00+00:00,76.1253662109375,79.91999816894531,80.16000366210938,78.5999984741211,79.5999984741211,2435300
2021-10-29 00:00:00+00:00,76.49685668945312,80.30999755859375,81.4800033569336,79.54000091552734,79.55999755859375,2870500
2021-11-01 00:00:00+00:00,77.077880859375,80.91999816894531,81.16000366210938,80.12999725341797,80.45999908447266,1846100
2021-11-02 00:00:00+00:00,77.25886535644531,81.11000061035156,81.44999694824219,80.1500015258789,81.33000183105469,1465500
2021-11-03 00:00:00+00:00,76.78260803222656,80.61000061035156,81.81999969482422,79.61499786376953,81.27999877929688,2306700
2021-11-04 00:00:00+00:00,77.9542236328125,81.83999633789062,81.86000061035156,80.79000091552734,80.94000244140625,1943200
2021-11-05 00:00:00+00:00,77.83037567138672,81.70999908447266,82.70999908447266,81.55999755859375,82.12999725341797,1500900
2021-11-08 00:00:00+00:00,78.33521270751953,82.23999786376953,82.38899993896484,81.39299774169922,82.11000061035156,2422400
2021-11-09 00:00:00+00:00,79.57350158691406,83.54000091552734,83.66999816894531,82.06999969482422,82.4000015258789,3078900
2021-11-10 00:00:00+00:00,79.40203857421875,83.36000061035156,84.44999694824219,83.19000244140625,83.94999694824219,2986300
2021-11-11 00:00:00+00:00,79.44013977050781,83.4000015258789,83.69999694824219,82.7699966430664,83.44999694824219,1743500
2021-11-12 00:00:00+00:00,81.56425476074219,85.62999725341797,85.6500015258789,83.30999755859375,83.94000244140625,1737600
2021-11-15 00:00:00+00:00,80.16405487060547,84.16000366210938,85.58999633789062,83.93699645996094,85.5,1319100
2021-11-16 00:00:00+00:00,80.5069580078125,84.5199966430664,84.98999786376953,84.22000122070312,84.55999755859375,1532800
2021-11-17 00:00:00+00:00,81.5071029663086,85.56999969482422,86.04499816894531,84.09500122070312,84.36000061035156,2657800
2021-11-18 00:00:00+00:00,82.36678314208984,86.2300033569336,86.41999816894531,84.68000030517578,84.79000091552734,2586400
2021-11-19 00:00:00+00:00,82.39544677734375,86.26000213623047,87.83000183105469,86.06999969482422,86.44000244140625,2901700
2021-11-22 00:00:00+00:00,80.42771911621094,84.19999694824219,86.38999938964844,83.87000274658203,86.25,1770400
2021-11-23 00:00:00+00:00,80.05519104003906,83.80999755859375,84.375,83.5199966430664,84.0,1683000
2021-11-24 00:00:00+00:00,80.67607879638672,84.45999908447266,84.55000305175781,82.87000274658203,83.6500015258789,1024700
2021-11-26 00:00:00+00:00,79.46298217773438,83.19000244140625,84.2300033569336,82.5,82.93000030517578,1170100
2021-11-29 00:00:00+00:00,79.83549499511719,83.58000183105469,84.33999633789062,82.98999786376953,84.11000061035156,1934300
2021-11-30 00:00:00+00:00,76.7979736328125,80.4000015258789,83.58000183105469,80.1500015258789,83.08000183105469,2602300
2021-12-01 00:00:00+00:00,76.84573364257812,80.44999694824219,83.33999633789062,80.41999816894531,81.69999694824219,2247400
2021-12-02 00:00:00+00:00,79.1382064819336,82.8499984741211,83.06900024414062,80.8550033569336,80.86000061035156,2224700
2021-12-03 00:00:00+00:00,79.09046936035156,82.80000305175781,83.5999984741211,81.91999816894531,83.3499984741211,2236400
2021-12-06 00:00:00+00:00,80.24624633789062,84.01000213623047,84.48999786376953,82.68000030517578,83.4000015258789,2046200
2021-12-07 00:00:00+00:00,81.86051940917969,85.69999694824219,86.26000213623047,84.72000122070312,85.13999938964844,2093000
2021-12-08 00:00:00+00:00,82.3476791381836,86.20999908447266,86.51599884033203,84.69999694824219,85.6500015258789,2923600
2021-12-09 00:00:00+00:00,82.32855987548828,86.19000244140625,86.61000061035156,85.16999816894531,86.04000091552734,2406900
2021-12-10 00:00:00+00:00,82.2235107421875,86.08000183105469,86.56999969482422,85.79499816894531,86.31999969482422,2379000
2021-12-13 00:00:00+00:00,81.55487060546875,85.37999725341797,86.63999938964844,84.80000305175781,86.25,2502400
2021-12-14 00:00:00+00:00,81.0103988647461,84.80999755859375,85.4000015258789,84.07499694824219,85.06999969482422,2178600
2021-12-15 00:00:00+00:00,81.11549377441406,84.91999816894531,85.38500213623047,83.48100280761719,85.05000305175781,2011900
2021-12-16 00:00:00+00:00,82.63424682617188,86.51000213623047,86.86499786376953,85.20999908447266,85.70999908447266,3345100
2021-12-17 00:00:00+00:00,80.3895263671875,84.16000366210938,86.66999816894531,84.0199966430664,85.43000030517578,2875700
2021-12-20 00:00:00+00:00,78.64151763916016,82.33000183105469,83.25,80.57499694824219,83.25,2440500
2021-12-21 00:00:00+00:00,80.40862274169922,84.18000030517578,84.27999877929688,82.80999755859375,83.33000183105469,1415100
2021-12-22 00:00:00+00:00,80.53279113769531,84.30999755859375,84.55999755859375,83.63999938964844,84.12999725341797,1014500
2021-12-23 00:00:00+00:00,81.43067932128906,85.25,85.58799743652344,84.43000030517578,84.8499984741211,933100
2021-12-27 00:00:00+00:00,82.64379119873047,86.5199966430664,86.54000091552734,85.58999633789062,85.7300033569336,674400
2021-12-28 00:00:00+00:00,82.58649444580078,86.45999908447266,86.70999908447266,86.12999725341797,86.48999786376953,730200
2021-12-29 00:00:00+00:00,82.93035888671875,86.81999969482422,87.23300170898438,86.22000122070312,86.22000122070312,1229700
2021-12-30 00:00:00+00:00,82.49097442626953,86.36000061035156,87.27400207519531,86.30000305175781,86.87000274658203,864300
2021-12-31 00:00:00+00:00,83.16915130615234,87.06999969482422,87.56900024414062,86.16999816894531,86.16999816894531,985600
2022-01-03 00:00:00+00:00,81.73635864257812,85.56999969482422,88.22000122070312,84.58000183105469,87.19999694824219,2209600
2022-01-04 00:00:00+00:00,82.35723114013672,86.22000122070312,86.45999908447266,84.97000122070312,85.4000015258789,1739200
2022-01-05 00:00:00+00:00,80.07430267333984,83.83000183105469,87.1050033569336,83.7300033569336,86.52999877929688,2656900
2022-01-06 00:00:00+00:00,80.91487884521484,84.70999908447266,84.9800033569336,83.77999877929688,84.19000244140625,1641400
2022-01-07 00:00:00+00:00,80.58055877685547,84.36000061035156,85.2699966430664,84.20999908447266,84.4000015258789,2351500
2022-01-10 00:00:00+00:00,80.86712646484375,84.66000366210938,84.69000244140625,82.45999908447266,83.80999755859375,1940000
2022-01-11 00:00:00+00:00,82.37633514404297,86.23999786376953,86.29000091552734,84.18000030517578,85.19999694824219,2334200
2022-01-12 00:00:00+00:00,83.05452728271484,86.94999694824219,87.33999633789062,86.12999725341797,86.72000122070312,2864100
2022-01-13 00:00:00+00:00,81.91783905029297,85.76000213623047,87.68000030517578,85.54000091552734,87.08999633789062,3365800
2022-01-14 00:00:00+00:00,80.40862274169922,84.18000030517578,85.6449966430664,83.04000091552734,84.86000061035156,2870400
2022-01-18 00:00:00+00:00,80.1316146850586,83.88999938964844,84.1500015258789,81.68000030517578,83.05000305175781,2640500
2022-01-19 00:00:00+00:00,79.37700653076172,83.0999984741211,84.44000244140625,82.8499984741211,84.19999694824219,2632200
2022-01-20 00:00:00+00:00,78.52689361572266,82.20999908447266,84.0999984741211,81.83999633789062,83.5999984741211,3534500
2022-01-21 00:00:00+00:00,79.38655853271484,83.11000061035156,83.9000015258789,81.56999969482422,82.20999908447266,2844000
2022-01-24 00:00:00+00:00,79.50118255615234,83.2300033569336,83.3499984741211,80.13999938964844,81.68000030517578,4451900
2022-01-25 00:00:00+00:00,79.2528305053711,82.97000122070312,83.62999725341797,80.91999816894531,81.7300033569336,4027200
2022-01-26 00:00:00+00:00,77.8677978515625,81.5199966430664,84.62000274658203,81.0,83.56999969482422,3633100
2022-01-27 00:00:00+00:00,78.90897369384766,82.61000061035156,83.41999816894531,81.30000305175781,82.30000305175781,3093400
2022-01-28 00:00:00+00:00,79.06179809570312,82.7699966430664,82.81999969482422,80.83999633789062,82.20999908447266,4367500
2022-01-31 00:00:00+00:00,81.60263061523438,85.43000030517578,85.69499969482422,80.5199966430664,81.30000305175781,4710600
2022-02-01 00:00:00+00:00,79.81641387939453,83.55999755859375,86.37000274658203,81.56999969482422,85.8499984741211,4970900
2022-02-02 00:00:00+00:00,79.53939819335938,83.2699966430664,84.31199645996094,82.43000030517578,83.81999969482422,2889900
2022-02-03 00:00:00+00:00,78.18302154541016,81.8499984741211,83.62999725341797,81.75,82.66999816894531,2902900
2022-02-04 00:00:00+00:00,78.74657440185547,82.44000244140625,83.2300033569336,80.97000122070312,81.26000213623047,3508500
2022-02-07 00:00:00+00:00,78.00154113769531,81.66000366210938,82.9000015258789,81.5,82.5999984741211,1790200
2022-02-08 00:00:00+00:00,80.3035659790039,84.06999969482422,84.26000213623047,81.8949966430664,82.04000091552734,3294300
2022-02-09 00:00:00+00:00,80.0169906616211,83.7699966430664,85.11399841308594,83.41000366210938,84.91000366210938,2132000
2022-02-10 00:00:00+00:00,77.89644622802734,81.55000305175781,83.33000183105469,81.19999694824219,82.87999725341797,1926400
2022-02-11 00:00:00+00:00,76.072021484375,79.63999938964844,81.83999633789062,79.11000061035156,81.5999984741211,2494800
2022-02-14 00:00:00+00:00,76.1771011352539,79.75,80.25,78.66999816894531,79.55999755859375,3899000
2022-02-15 00:00:00+00:00,75.2601089477539,78.79000091552734,81.68000030517578,78.54499816894531,81.18000030517578,4126300
2022-02-16 00:00:00+00:00,75.33653259277344,78.87000274658203,79.31999969482422,77.45999908447266,78.94000244140625,3305200
2022-02-17 00:00:00+00:00,73.02747344970703,76.22000122070312,78.0999984741211,76.16100311279297,78.02999877929688,2253500
2022-02-18 00:00:00+00:00,73.15201568603516,76.3499984741211,76.91999816894531,75.33999633789062,76.05000305175781,6320300
2022-02-22 00:00:00+00:00,73.10411071777344,76.30000305175781,77.51000213623047,75.87999725341797,76.0999984741211,2481400
2022-02-23 00:00:00+00:00,71.56155395507812,74.69000244140625,76.80000305175781,74.16000366210938,76.7699966430664,2771000
2022-02-24 00:00:00+00:00,73.3819580078125,76.58999633789062,76.93000030517578,73.0999984741211,73.32499694824219,3807000
2022-02-25 00:00:00+00:00,75.22154235839844,78.51000213623047,78.77999877929688,76.45999908447266,76.68000030517578,3005300
2022-02-28 00:00:00+00:00,75.04908752441406,78.33000183105469,78.93000030517578,77.16000366210938,77.16000366210938,3918500
2022-03-01 00:00:00+00:00,74.39756774902344,77.6500015258789,78.4800033569336,76.55999755859375,78.33999633789062,3501600
2022-03-02 00:00:00+00:00,75.48023986816406,78.77999877929688,79.00499725341797,78.05000305175781,78.18000030517578,3266200
2022-03-03 00:00:00+00:00,75.86347961425781,79.18000030517578,80.54000091552734,78.69999694824219,79.66999816894531,2660900
2022-03-04 00:00:00+00:00,74.69459533691406,77.95999908447266,78.58000183105469,76.66000366210938,78.20999908447266,2967900
2022-03-07 00:00:00+00:00,71.18789672851562,74.30000305175781,78.08999633789062,74.25,77.80000305175781,2768400
2022-03-08 00:00:00+00:00,70.42138671875,73.5,75.2300033569336,73.4800033569336,74.20999908447266,3249800
2022-03-09 00:00:00+00:00,72.10768127441406,75.26000213623047,76.19999694824219,74.76000213623047,74.94000244140625,3050200
2022-03-10 00:00:00+00:00,70.7088394165039,73.80000305175781,74.55000305175781,73.30000305175781,74.30000305175781,3981100
2022-03-11 00:00:00+00:00,69.36747741699219,72.4000015258789,74.11499786376953,72.2699966430664,73.98999786376953,3290800
2022-03-14 00:00:00+00:00,68.9650650024414,71.9800033569336,73.375,71.06999969482422,73.33000183105469,4014900
2022-03-15 00:00:00+00:00,70.56512451171875,73.6500015258789,73.91000366210938,71.94999694824219,72.5,4655600
2022-03-16 00:00:00+00:00,72.3376235961914,75.5,76.83000183105469,74.0,74.51000213623047,2692800
2022-03-17 00:00:00+00:00,73.19036102294922,76.38999938964844,76.44000244140625,74.98999786376953,75.04000091552734,1868200
2022-03-18 00:00:00+00:00,74.71375274658203,77.9800033569336,78.37000274658203,76.5199966430664,76.6500015258789,3822500
2022-03-21 00:00:00+00:00,74.09097290039062,77.33000183105469,78.16500091552734,76.41999816894531,77.5199966430664,1805000
2022-03-22 00:00:00+00:00,74.2825927734375,77.52999877929688,78.58000183105469,77.30000305175781,77.30000305175781,2601700
2022-03-23 00:00:00+00:00,73.23824310302734,76.44000244140625,77.61000061035156,76.25,77.12999725341797,1675300
2022-03-24 00:00:00+00:00,74.17719268798828,77.41999816894531,77.47000122070312,75.94999694824219,76.37999725341797,1837900
2022-03-25 00:00:00+00:00,74.00474548339844,77.23999786376953,77.75,76.62000274658203,77.61000061035156,1531900
2022-03-28 00:00:00+00:00,74.74249267578125,78.01000213623047,78.05000305175781,76.31999969482422,76.95999908447266,2218200
2022-03-29 00:00:00+00:00,75.3556900024414,78.6500015258789,79.48999786376953,78.08999633789062,78.69999694824219,1812200
2022-03-30 00:00:00+00:00,74.49337005615234,77.75,78.6500015258789,77.69999694824219,78.0,1261600
2022-03-31 00:00:00+00:00,73.72689056396484,76.94999694824219,78.34500122070312,76.9000015258789,77.61000061035156,2413400
2022-04-01 00:00:00+00:00,73.08494567871094,76.27999877929688,77.25399780273438,75.75,76.91000366210938,2591900
2022-04-04 00:00:00+00:00,73.42988586425781,76.63999938964844,76.75,75.80999755859375,76.30000305175781,1872600
2022-04-05 00:00:00+00:00,72.00228881835938,75.1500015258789,76.56999969482422,74.91000366210938,76.36000061035156,1582900
2022-04-06 00:00:00+00:00,73.03704833984375,76.2300033569336,76.3499984741211,74.16000366210938,74.33000183105469,2666000
2022-04-07 00:00:00+00:00,74.29218292236328,77.54000091552734,77.98999786376953,75.77999877929688,75.77999877929688,3012100
2022-04-08 00:00:00+00:00,74.00474548339844,77.23999786376953,78.19999694824219,77.11000061035156,77.26000213623047,2107000
2022-04-11 00:00:00+00:00,73.17118072509766,76.37000274658203,77.26000213623047,76.16000366210938,77.0,1750400
2022-04-12 00:00:00+00:00,72.71128845214844,75.88999938964844,77.19000244140625,75.48999786376953,76.5199966430664,2814200
2022-04-13 00:00:00+00:00,72.66338348388672,75.83999633789062,76.5,75.26000213623047,75.26000213623047,1592600
2022-04-14 00:00:00+00:00,71.61902618408203,74.75,76.48500061035156,74.69999694824219,76.02999877929688,1717000
2022-04-18 00:00:00+00:00,70.53636932373047,73.62000274658203,75.06999969482422,73.12000274658203,74.69000244140625,1517100
2022-04-19 00:00:00+00:00,72.21306610107422,75.37000274658203,75.4800033569336,73.87000274658203,74.02999877929688,1380400
2022-04-20 00:00:00+00:00,72.35678100585938,75.5199966430664,76.37000274658203,75.29000091552734,75.9800033569336,2107800
2022-04-21 00:00:00+00:00,72.05976867675781,75.20999908447266,76.62999725341797,74.83999633789062,76.0999984741211,2256200
2022-04-22 00:00:00+00:00,70.34473419189453,73.41999816894531,74.62999725341797,73.31999969482422,73.83999633789062,2115500
2022-04-25 00:00:00+00:00,71.47532653808594,74.5999984741211,76.02999877929688,73.05999755859375,75.27999877929688,4038900
2022-04-26 00:00:00+00:00,69.33872985839844,72.37000274658203,73.97000122070312,72.19000244140625,73.37000274658203,2231400
2022-04-27 00:00:00+00:00,70.48847198486328,73.56999969482422,74.3499984741211,72.30999755859375,72.30999755859375,2499900
2022-04-28 00:00:00+00:00,72.88375091552734,76.06999969482422,76.5199966430664,73.44000244140625,73.58999633789062,2837400
2022-04-29 00:00:00+00:00,69.78902435302734,72.83999633789062,75.91999816894531,72.56999969482422,75.58000183105469,2808100
2022-05-02 00:00:00+00:00,69.89441680908203,72.94999694824219,74.04000091552734,71.33000183105469,73.0,2627400
2022-05-03 00:00:00+00:00,70.24893951416016,73.31999969482422,73.62999725341797,72.46800231933594,72.91999816894531,2297000
2022-05-04 00:00:00+00:00,73.39154815673828,76.5999984741211,76.83000183105469,73.26000213623047,73.94000244140625,2700800
2022-05-05 00:00:00+00:00,71.55195617675781,74.68000030517578,76.0999984741211,73.93499755859375,75.48999786376953,2377800
2022-05-06 00:00:00+00:00,71.45616149902344,74.58000183105469,74.87000274658203,72.7699966430664,74.2300033569336,2470400
2022-05-09 00:00:00+00:00,70.23934936523438,73.30999755859375,74.19000244140625,72.7699966430664,73.29000091552734,2718000
2022-05-10 00:00:00+00:00,69.72196960449219,72.7699966430664,74.80000305175781,71.47000122070312,73.87000274658203,2771000
2022-05-11 00:00:00+00:00,69.84652709960938,72.9000015258789,73.9800033569336,72.33999633789062,72.70999908447266,3214400
2022-05-12 00:00:00+00:00,69.94233703613281,73.0,74.30000305175781,71.26000213623047,72.5199966430664,2482100
2022-05-13 00:00:00+00:00,71.96395111083984,75.11000061035156,75.48999786376953,73.48500061035156,73.83000183105469,2601200
2022-05-16 00:00:00+00:00,71.22621154785156,74.33999633789062,74.86000061035156,73.58000183105469,74.55999755859375,2101000
2022-05-17 00:00:00+00:00,72.29930114746094,75.45999908447266,75.45999908447266,73.86000061035156,75.04000091552734,2742800
2022-05-18 00:00:00+00:00,69.1854248046875,72.20999908447266,74.87000274658203,71.98999786376953,74.41000366210938,1899700
2022-05-19 00:00:00+00:00,69.82994842529297,72.58999633789062,73.48999786376953,71.20999908447266,71.26000213623047,1780500
2022-05-20 00:00:00+00:00,70.64763641357422,73.44000244140625,74.36000061035156,71.44999694824219,73.30999755859375,3017700
2022-05-23 00:00:00+00:00,71.06128692626953,73.87000274658203,74.7750015258789,73.12999725341797,73.98999786376953,2473100
2022-05-24 00:00:00+00:00,72.61969757080078,75.48999786376953,75.87999725341797,73.2300033569336,74.83000183105469,3071700
2022-05-25 00:00:00+00:00,70.73421478271484,73.52999877929688,74.91999816894531,72.7750015258789,74.72000122070312,2854900
2022-05-26 00:00:00+00:00,72.22528076171875,75.08000183105469,75.56999969482422,74.08000183105469,74.37999725341797,3380100
2022-05-27 00:00:00+00:00,73.39889526367188,76.30000305175781,76.62000274658203,75.37999725341797,75.8499984741211,2837700
2022-05-31 00:00:00+00:00,71.57112121582031,74.4000015258789,75.65499877929688,73.7300033569336,75.55000305175781,9765400
2022-06-01 00:00:00+00:00,71.15747833251953,73.97000122070312,75.16999816894531,73.58000183105469,74.31999969482422,2384000
2022-06-02 00:00:00+00:00,72.37918853759766,75.23999786376953,75.36000061035156,73.6500015258789,74.0,2133600
2022-06-03 00:00:00+00:00,72.33109283447266,75.19000244140625,75.31999969482422,74.08999633789062,74.73999786376953,1415400
2022-06-06 00:00:00+00:00,72.34070587158203,75.19999694824219,76.05999755859375,75.08000183105469,75.52999877929688,1019900
2022-06-07 00:00:00+00:00,73.58165740966797,76.48999786376953,76.55999755859375,74.37999725341797,74.73999786376953,1582500
2022-06-08 00:00:00+00:00,73.43736267089844,76.33999633789062,76.94000244140625,75.19000244140625,75.83000183105469,1926900
2022-06-09 00:00:00+00:00,73.11028289794922,76.0,77.16000366210938,75.76000213623047,76.19000244140625,2505100
2022-06-10 00:00:00+00:00,70.50334167480469,73.29000091552734,75.02999877929688,73.2699966430664,74.79000091552734,2314500
2022-06-13 00:00:00+00:00,68.3966064453125,71.0999984741211,72.19999694824219,70.44999694824219,71.43000030517578,1860400
2022-06-14 00:00:00+00:00,66.5784683227539,69.20999908447266,71.20500183105469,68.63999938964844,70.91999816894531,1859400
2022-06-15 00:00:00+00:00,67.10755157470703,69.76000213623047,70.7699966430664,68.76000213623047,69.41000366210938,1629300
2022-06-16 00:00:00+00:00,65.36637878417969,67.94999694824219,68.48500061035156,66.97000122070312,68.41999816894531,1818700
2022-06-17 00:00:00+00:00,65.29903411865234,67.87999725341797,68.73999786376953,67.2300033569336,67.94000244140625,3669400
2022-06-21 00:00:00+00:00,67.21337890625,69.87000274658203,70.11000061035156,68.16000366210938,68.80000305175781,2506000
2022-06-22 00:00:00+00:00,66.14559173583984,68.76000213623047,69.12000274658203,67.87000274658203,68.4800033569336,2621800
2022-06-23 00:00:00+00:00,65.98204803466797,68.58999633789062,69.5199966430664,67.91999816894531,68.68000030517578,1791000
2022-06-24 00:00:00+00:00,68.16573333740234,70.86000061035156,70.9000015258789,68.47000122070312,68.94999694824219,3453500
2022-06-27 00:00:00+00:00,67.26145935058594,69.91999816894531,71.37000274658203,69.125,71.30000305175781,2327700
2022-06-28 00:00:00+00:00,67.13642120361328,69.79000091552734,70.8499984741211,69.48999786376953,70.19999694824219,1877800
2022-06-29 00:00:00+00:00,67.12679290771484,69.77999877929688,70.19999694824219,68.5199966430664,69.5,2728700
2022-06-30 00:00:00+00:00,67.98296356201172,70.66999816894531,70.91000366210938,68.75,68.97000122070312,2822500
2022-07-01 00:00:00+00:00,69.16619110107422,71.9000015258789,72.24500274658203,70.2300033569336,70.9800033569336,2096300
2022-07-05 00:00:00+00:00,68.65634155273438,71.37000274658203,71.48999786376953,70.17500305175781,70.37999725341797,1936800
2022-07-06 00:00:00+00:00,68.550537109375,71.26000213623047,71.77999877929688,70.58999633789062,71.45999908447266,2440000
2022-07-07 00:00:00+00:00,67.42499542236328,70.08999633789062,70.20999908447266,67.36000061035156,68.6500015258789,4386800
2022-07-08 00:00:00+00:00,67.23261260986328,69.88999938964844,70.37000274658203,68.82099914550781,70.0,2485600
2022-07-11 00:00:00+00:00,66.37644958496094,69.0,70.16999816894531,68.69999694824219,69.93000030517578,2116900
2022-07-12 00:00:00+00:00,66.22252655029297,68.83999633789062,70.19999694824219,68.55999755859375,68.88999938964844,2430700
2022-07-13 00:00:00+00:00,65.79927062988281,68.4000015258789,68.94999694824219,67.83000183105469,68.08000183105469,1635500
2022-07-14 00:00:00+00:00,66.3668441772461,68.98999786376953,69.0199966430664,67.0,67.31999969482422,2793600
2022-07-15 00:00:00+00:00,66.8670654296875,69.51000213623047,70.1500015258789,69.26000213623047,69.93000030517578,3010100
2022-07-18 00:00:00+00:00,66.33797454833984,68.95999908447266,70.48400115966797,68.77999877929688,69.88999938964844,1525900
2022-07-19 00:00:00+00:00,69.10846710205078,71.83999633789062,71.93000030517578,69.75,69.80000305175781,2450500
2022-07-20 00:00:00+00:00,69.90692138671875,72.66999816894531,72.76000213623047,71.0999984741211,72.04000091552734,1942400
2022-07-21 00:00:00+00:00,70.17625427246094,72.94999694824219,73.11499786376953,72.25,72.6500015258789,1520900
2022-07-22 00:00:00+00:00,69.16619110107422,71.9000015258789,73.29000091552734,71.37999725341797,73.08000183105469,3805300
2022-07-25 00:00:00+00:00,69.6375503540039,72.38999938964844,72.66000366210938,71.70999908447266,71.97000122070312,1620800
2022-07-26 00:00:00+00:00,69.95500946044922,72.72000122070312,72.79000091552734,71.58999633789062,72.38999938964844,1897800
2022-07-27 00:00:00+00:00,73.53356170654297,76.44000244140625,76.61000061035156,72.80000305175781,72.80000305175781,3786500
2022-07-28 00:00:00+00:00,73.92797088623047,76.8499984741211,77.48999786376953,75.91000366210938,76.05999755859375,2118300
2022-07-29 00:00:00+00:00,75.19778442382812,78.16999816894531,78.55000305175781,76.38999938964844,77.08999633789062,2183100
2022-08-01 00:00:00+00:00,75.30360412597656,78.27999877929688,79.05000305175781,77.30000305175781,77.30000305175781,2425700
2022-08-02 00:00:00+00:00,74.5147705078125,77.45999908447266,78.7699966430664,77.4000015258789,78.16999816894531,2146700
2022-08-03 00:00:00+00:00,76.21747589111328,79.2300033569336,79.69999694824219,77.45899963378906,77.8499984741211,2483600
2022-08-04 00:00:00+00:00,76.47722625732422,79.5,79.80999755859375,79.04000091552734,79.58000183105469,2129600
2022-08-05 00:00:00+00:00,76.30406951904297,79.31999969482422,79.71499633789062,78.55999755859375,78.91000366210938,1492700
2022-08-08 00:00:00+00:00,76.26557159423828,79.27999877929688,80.06500244140625,79.01499938964844,79.80000305175781,1882400
2022-08-09 00:00:00+00:00,75.8615493774414,78.86000061035156,79.08000183105469,78.36000061035156,78.9000015258789,1276600
2022-08-10 00:00:00+00:00,76.86201477050781,79.9000015258789,80.54499816894531,79.37999725341797,80.0,1419700
2022-08-11 00:00:00+00:00,77.53539276123047,80.5999984741211,81.54000091552734,80.0999984741211,80.70999908447266,1665800
2022-08-12 00:00:00+00:00,78.64167785644531,81.75,81.86000061035156,80.55000305175781,81.05999755859375,1758800
2022-08-15 00:00:00+00:00,78.44927215576172,81.55000305175781,81.94000244140625,81.01000213623047,81.26000213623047,2015600
2022-08-16 00:00:00+00:00,78.22801971435547,81.31999969482422,81.76000213623047,80.90499877929688,81.23999786376953,1862100
2022-08-17 00:00:00+00:00,77.51615142822266,80.58000183105469,80.86000061035156,80.16000366210938,80.5199966430664,1623200
2022-08-18 00:00:00+00:00,77.63201141357422,80.41000366210938,80.58999633789062,80.01000213623047,80.54000091552734,1183100
2022-08-19 00:00:00+00:00,76.66655731201172,79.41000366210938,80.19999694824219,78.98999786376953,80.02999877929688,1212500
2022-08-22 00:00:00+00:00,74.65840911865234,77.33000183105469,78.2750015258789,77.08999633789062,78.06999969482422,2493900
2022-08-23 00:00:00+00:00,74.2432861328125,76.9000015258789,77.66000366210938,76.55500030517578,77.12999725341797,1680300
2022-08-24 00:00:00+00:00,74.69703674316406,77.37000274658203,77.66000366210938,76.77999877929688,76.95999908447266,1676800
2022-08-25 00:00:00+00:00,75.47904205322266,78.18000030517578,78.23999786376953,77.38999938964844,77.70999908447266,1881600
2022-08-26 00:00:00+00:00,72.63096618652344,75.2300033569336,78.38999938964844,75.16999816894531,78.38999938964844,1482100
2022-08-29 00:00:00+00:00,71.51103973388672,74.06999969482422,74.80000305175781,73.88999938964844,74.75,1441700
2022-08-30 00:00:00+00:00,70.34284973144531,72.86000061035156,74.36000061035156,72.2300033569336,74.12999725341797,2247000
2022-08-31 00:00:00+00:00,69.72496032714844,72.22000122070312,73.48999786376953,71.83000183105469,73.19999694824219,3350600
2022-09-01 00:00:00+00:00,70.20767974853516,72.72000122070312,72.76000213623047,71.31999969482422,72.13999938964844,1653600
2022-09-02 00:00:00+00:00,69.24223327636719,71.72000122070312,73.61000061035156,71.44999694824219,73.45999908447266,1565900
2022-09-06 00:00:00+00:00,69.58979797363281,72.08000183105469,72.1500015258789,70.93000030517578,71.69999694824219,1597300
2022-09-07 00:00:00+00:00,70.87385559082031,73.41000366210938,73.51000213623047,71.7300033569336,72.20999908447266,1751400
2022-09-08 00:00:00+00:00,70.39112854003906,72.91000366210938,73.22000122070312,72.41999816894531,72.94000244140625,1883900
2022-09-09 00:00:00+00:00,70.86418151855469,73.4000015258789,73.54000091552734,72.7699966430664,73.18000030517578,1803300
2022-09-12 00:00:00+00:00,71.2503662109375,73.80000305175781,74.0999984741211,72.87000274658203,73.98999786376953,1693800
2022-09-13 00:00:00+00:00,68.6629638671875,71.12000274658203,72.43000030517578,70.76000213623047,72.2699966430664,1756300
2022-09-14 00:00:00+00:00,67.43684387207031,69.8499984741211,71.17500305175781,69.30999755859375,71.05000305175781,2097200
2022-09-15 00:00:00+00:00,66.54861450195312,68.93000030517578,70.45999908447266,68.69000244140625,69.9000015258789,2129100
2022-09-16 00:00:00+00:00,65.45765686035156,67.80000305175781,68.30000305175781,67.0199966430664,68.16999816894531,3782500
2022-09-19 00:00:00+00:00,65.89210510253906,68.25,68.3499984741211,67.4000015258789,67.44999694824219,2338000
2022-09-20 00:00:00+00:00,65.28388214111328,67.62000274658203,68.01000213623047,66.88999938964844,67.83000183105469,1842500
2022-09-21 00:00:00+00:00,64.71426391601562,67.02999877929688,68.83999633789062,67.0199966430664,67.93000030517578,1579600
2022-09-22 00:00:00+00:00,63.188838958740234,65.44999694824219,67.11499786376953,65.3550033569336,66.58000183105469,1981000
2022-09-23 00:00:00+00:00,63.5074462890625,65.77999877929688,65.93000030517578,64.75499725341797,64.98999786376953,2551600
2022-09-26 00:00:00+00:00,63.11161804199219,65.37000274658203,66.58000183105469,64.8499984741211,65.4800033569336,2415500
2022-09-27 00:00:00+00:00,62.87989807128906,65.12999725341797,66.25,64.61000061035156,65.94000244140625,1890500
2022-09-28 00:00:00+00:00,63.497779846191406,65.7699966430664,66.2300033569336,64.8949966430664,65.7300033569336,2264400
2022-09-29 00:00:00+00:00,62.27165985107422,64.5,65.36000061035156,63.875,65.22000122070312,1910800
2022-09-30 00:00:00+00:00,61.595848083496094,63.79999923706055,64.91999816894531,63.7400016784668,64.52999877929688,2625600
2022-10-03 00:00:00+00:00,63.179195404052734,65.44000244140625,66.01000213623047,64.11000061035156,64.72000122070312,1905500
2022-10-04 00:00:00+00:00,64.73356628417969,67.05000305175781,67.4800033569336,66.28500366210938,66.45999908447266,2424900
2022-10-05 00:00:00+00:00,65.10043334960938,67.43000030517578,67.87999725341797,66.33499908447266,66.41999816894531,1452500
2022-10-06 00:00:00+00:00,64.49220275878906,66.80000305175781,67.61000061035156,66.69999694824219,67.22000122070312,1670000
2022-10-07 00:00:00+00:00,63.00541305541992,65.26000213623047,66.51000213623047,64.87000274658203,66.16999816894531,1446600
2022-10-10 00:00:00+00:00,62.7640495300293,65.01000213623047,65.98999786376953,64.47000122070312,65.80000305175781,841300
2022-10-11 00:00:00+00:00,62.513031005859375,64.75,65.56999969482422,64.4800033569336,64.97000122070312,1449200
2022-10-12 00:00:00+00:00,62.34890365600586,64.58000183105469,65.33999633789062,64.56500244140625,65.06999969482422,1637600
2022-10-13 00:00:00+00:00,62.7640495300293,65.01000213623047,65.55000305175781,62.4900016784668,63.18000030517578,1946400
2022-10-14 00:00:00+00:00,61.90480422973633,64.12000274658203,66.0999984741211,63.83000183105469,65.43000030517578,1632800
2022-10-17 00:00:00+00:00,63.11161804199219,65.37000274658203,65.7300033569336,64.80999755859375,65.02999877929688,1688600
2022-10-18 00:00:00+00:00,64.40531921386719,66.70999908447266,67.0,66.0,66.91999816894531,1637200
2022-10-19 00:00:00+00:00,63.99016189575195,66.27999877929688,66.94999694824219,65.66000366210938,66.47000122070312,1552300
2022-10-20 00:00:00+00:00,62.513031005859375,64.75,66.70500183105469,64.66999816894531,66.44000244140625,1923200
2022-10-21 00:00:00+00:00,64.48255920410156,66.79000091552734,66.94000244140625,64.30000305175781,65.02999877929688,2351000
2022-10-24 00:00:00+00:00,64.76252746582031,67.08000183105469,67.88999938964844,66.79000091552734,67.16999816894531,2518300
2022-10-25 00:00:00+00:00,66.47137451171875,68.8499984741211,68.91000366210938,66.9800033569336,66.9800033569336,2567100
2022-10-26 00:00:00+00:00,65.97900390625,68.33999633789062,69.1500015258789,66.77999877929688,68.69000244140625,3656700
2022-10-27 00:00:00+00:00,67.59132385253906,70.01000213623047,71.5199966430664,68.4000015258789,68.51000213623047,3016900
2022-10-28 00:00:00+00:00,69.2132797241211,71.69000244140625,71.87000274658203,69.8499984741211,70.12000274658203,1918400
2022-10-31 00:00:00+00:00,68.19953918457031,70.63999938964844,71.5199966430664,70.23999786376953,70.68000030517578,2551900
2022-11-01 00:00:00+00:00,69.03948211669922,71.51000213623047,72.0199966430664,70.7300033569336,71.2699966430664,1885200
2022-11-02 00:00:00+00:00,67.78439331054688,70.20999908447266,72.56999969482422,70.19999694824219,71.20999908447266,1782900
2022-11-03 00:00:00+00:00,67.78439331054688,70.20999908447266,71.08999633789062,69.12000274658203,69.47000122070312,2035000
2022-11-04 00:00:00+00:00,70.69042205810547,73.22000122070312,73.87000274658203,71.29000091552734,71.29000091552734,2299000
2022-11-07 00:00:00+00:00,71.19243621826172,73.73999786376953,73.7699966430664,72.69000244140625,73.08999633789062,1777400
2022-11-08 00:00:00+00:00,70.6324691772461,73.16000366210938,74.19999694824219,72.5999984741211,73.94000244140625,1528100
2022-11-09 00:00:00+00:00,70.10147857666016,72.61000061035156,73.88999938964844,72.54000091552734,72.95999908447266,1743200
2022-11-10 00:00:00+00:00,72.9881820678711,75.5999984741211,76.11000061035156,74.5199966430664,74.5199966430664,2643400
2022-11-11 00:00:00+00:00,74.69703674316406,77.37000274658203,78.02999877929688,75.61499786376953,75.66000366210938,2984500
2022-11-14 00:00:00+00:00,75.08320617675781,77.7699966430664,79.55999755859375,76.72000122070312,76.76000213623047,4193900
2022-11-15 00:00:00+00:00,75.99073791503906,78.70999908447266,79.4800033569336,78.19000244140625,78.47000122070312,2349100
2022-11-16 00:00:00+00:00,75.69145965576172,78.4000015258789,79.75,78.33000183105469,78.44999694824219,2169600
2022-11-17 00:00:00+00:00,74.95498657226562,77.3499984741211,77.41000366210938,75.70999908447266,77.0,3420800
2022-11-18 00:00:00+00:00,75.35227966308594,77.76000213623047,78.76000213623047,77.41999816894531,78.18000030517578,3697600
2022-11-21 00:00:00+00:00,75.76897430419922,78.19000244140625,78.5199966430664,76.80500030517578,77.47000122070312,2068800
2022-11-22 00:00:00+00:00,75.82711791992188,78.25,78.58999633789062,77.5999984741211,78.55999755859375,1916300
2022-11-23 00:00:00+00:00,75.68175506591797,78.0999984741211,78.52999877929688,77.51000213623047,77.97000122070312,1898000
2022-11-25 00:00:00+00:00,76.23411560058594,78.66999816894531,79.01799774169922,78.22000122070312,78.54000091552734,971100
2022-11-28 00:00:00+00:00,73.97625732421875,76.33999633789062,78.36000061035156,76.19499969482422,78.0199966430664,2065800
2022-11-29 00:00:00+00:00,74.49952697753906,76.87999725341797,77.62000274658203,76.13999938964844,76.45999908447266,1869000
2022-11-30 00:00:00+00:00,75.67206573486328,78.08999633789062,78.16500091552734,75.5199966430664,76.80999755859375,3462100
2022-12-01 00:00:00+00:00,76.38916015625,78.83000183105469,78.91000366210938,77.33999633789062,77.62000274658203,1776700
2022-12-02 00:00:00+00:00,77.28067779541016,79.75,80.16000366210938,77.5199966430664,78.06999969482422,1998300
2022-12-05 00:00:00+00:00,76.04999542236328,78.4800033569336,79.26000213623047,77.83999633789062,78.81999969482422,2100200
2022-12-06 00:00:00+00:00,76.7380142211914,79.19000244140625,79.22000122070312,78.25,78.47000122070312,2674000
2022-12-07 00:00:00+00:00,76.55388641357422,79.0,79.48999786376953,78.36000061035156,78.97000122070312,2151300
2022-12-08 00:00:00+00:00,77.27098083496094,79.73999786376953,80.0,79.05500030517578,79.87999725341797,2376700
2022-12-09 00:00:00+00:00,76.03060913085938,78.45999908447266,80.0,78.3550033569336,79.87000274658203,1417200
2022-12-12 00:00:00+00:00,78.04621124267578,80.54000091552734,80.62000274658203,78.5199966430664,78.9000015258789,1681200
2022-12-13 00:00:00+00:00,78.44351196289062,80.94999694824219,82.0,80.58000183105469,82.0,2600900
2022-12-14 00:00:00+00:00,77.76519775390625,80.25,81.94000244140625,79.9000015258789,81.0,3025900
2022-12-15 00:00:00+00:00,76.37947082519531,78.81999969482422,79.56999969482422,77.98999786376953,79.33999633789062,2119400
2022-12-16 00:00:00+00:00,76.16629028320312,78.5999984741211,78.7300033569336,77.69999694824219,78.20999908447266,4036900
2022-12-19 00:00:00+00:00,75.45889282226562,77.87000274658203,79.01499938964844,77.5719985961914,78.62999725341797,1532700
2022-12-20 00:00:00+00:00,75.50733947753906,77.91999816894531,78.26000213623047,77.51000213623047,77.9000015258789,1889800
2022-12-21 00:00:00+00:00,76.58295440673828,79.02999877929688,79.12999725341797,77.91000366210938,78.44000244140625,1621700
2022-12-22 00:00:00+00:00,75.72052001953125,78.13999938964844,78.77999877929688,77.0999984741211,78.55999755859375,1379600
2022-12-23 00:00:00+00:00,75.9337158203125,78.36000061035156,78.62999725341797,77.73999786376953,77.9000015258789,810400
2022-12-27 00:00:00+00:00,76.07906341552734,78.51000213623047,78.97000122070312,78.01000213623047,78.37000274658203,955400
2022-12-28 00:00:00+00:00,75.0034408569336,77.4000015258789,78.75,77.38999938964844,78.5999984741211,882800
2022-12-29 00:00:00+00:00,76.62171173095703,79.06999969482422,79.2300033569336,77.5999984741211,78.04000091552734,957700
2022-12-30 00:00:00+00:00,75.88526153564453,78.30999755859375,78.98999786376953,77.55000305175781,78.80000305175781,995900
